Workbook

Sheet Multi-Form Dashboard
A1: 📋 MULTI-GOOGLE FORMS CENTRAL DASHBOARD
A4: How to Setup for 10-15 Forms (Guide for Entigevity / Tech Team)
A5: 1. Link all 10-15 Google Forms into this single Google Sheet file as new tabs.
A6: 2. Rename each form response tab to a simple name (e.g., 'Form_1', 'Form_2', 'Form_3' etc.).
A7: 3. In the table below, replace the template name in Column A with your actual Tab Name.
A8: 4. The formulas in Columns C, D, and E will automatically start pulling data from those specific tabs live!
A9: 5. Note: Make sure Column A in each Form tab contains the Timestamp, and Column B contains the User Identity.
A12: Form ID / Tab Name | B12: Form Purpose / Description | C12: Last Submission Time | D12: Submissions (Last 24 Hours) | E12: Last Person Identity
A13: Form_1 | B13: Sample Google Form 1 Description | C13: =IFERROR(MAX('Form_1'!A:A), "No Data") | D13: =IFERROR(COUNTIF('Form_1'!A:A, ">=" & (NOW() - 1)), 0) | E13: =IFERROR(INDEX('Form_1'!B:B, MATCH(MAX('Form_1'!A:A), 'Form_1'!A:A, 0)), "-")
A14: Form_2 | B14: Sample Google Form 2 Description | C14: =IFERROR(MAX('Form_2'!A:A), "No Data") | D14: =IFERROR(COUNTIF('Form_2'!A:A, ">=" & (NOW() - 1)), 0) | E14: =IFERROR(INDEX('Form_2'!B:B, MATCH(MAX('Form_2'!A:A), 'Form_2'!A:A, 0)), "-")
A15: Form_3 | B15: Sample Google Form 3 Description | C15: =IFERROR(MAX('Form_3'!A:A), "No Data") | D15: =IFERROR(COUNTIF('Form_3'!A:A, ">=" & (NOW() - 1)), 0) | E15: =IFERROR(INDEX('Form_3'!B:B, MATCH(MAX('Form_3'!A:A), 'Form_3'!A:A, 0)), "-")
A16: Form_4 | B16: Sample Google Form 4 Description | C16: =IFERROR(MAX('Form_4'!A:A), "No Data") | D16: =IFERROR(COUNTIF('Form_4'!A:A, ">=" & (NOW() - 1)), 0) | E16: =IFERROR(INDEX('Form_4'!B:B, MATCH(MAX('Form_4'!A:A), 'Form_4'!A:A, 0)), "-")
A17: Form_5 | B17: Sample Google Form 5 Description | C17: =IFERROR(MAX('Form_5'!A:A), "No Data") | D17: =IFERROR(COUNTIF('Form_5'!A:A, ">=" & (NOW() - 1)), 0) | E17: =IFERROR(INDEX('Form_5'!B:B, MATCH(MAX('Form_5'!A:A), 'Form_5'!A:A, 0)), "-")
A18: Form_6 | B18: Sample Google Form 6 Description | C18: =IFERROR(MAX('Form_6'!A:A), "No Data") | D18: =IFERROR(COUNTIF('Form_6'!A:A, ">=" & (NOW() - 1)), 0) | E18: =IFERROR(INDEX('Form_6'!B:B, MATCH(MAX('Form_6'!A:A), 'Form_6'!A:A, 0)), "-")
A19: Form_7 | B19: Sample Google Form 7 Description | C19: =IFERROR(MAX('Form_7'!A:A), "No Data") | D19: =IFERROR(COUNTIF('Form_7'!A:A, ">=" & (NOW() - 1)), 0) | E19: =IFERROR(INDEX('Form_7'!B:B, MATCH(MAX('Form_7'!A:A), 'Form_7'!A:A, 0)), "-")
A20: Form_8 | B20: Sample Google Form 8 Description | C20: =IFERROR(MAX('Form_8'!A:A), "No Data") | D20: =IFERROR(COUNTIF('Form_8'!A:A, ">=" & (NOW() - 1)), 0) | E20: =IFERROR(INDEX('Form_8'!B:B, MATCH(MAX('Form_8'!A:A), 'Form_8'!A:A, 0)), "-")
A21: Form_9 | B21: Sample Google Form 9 Description | C21: =IFERROR(MAX('Form_9'!A:A), "No Data") | D21: =IFERROR(COUNTIF('Form_9'!A:A, ">=" & (NOW() - 1)), 0) | E21: =IFERROR(INDEX('Form_9'!B:B, MATCH(MAX('Form_9'!A:A), 'Form_9'!A:A, 0)), "-")
A22: Form_10 | B22: Sample Google Form 10 Description | C22: =IFERROR(MAX('Form_10'!A:A), "No Data") | D22: =IFERROR(COUNTIF('Form_10'!A:A, ">=" & (NOW() - 1)), 0) | E22: =IFERROR(INDEX('Form_10'!B:B, MATCH(MAX('Form_10'!A:A), 'Form_10'!A:A, 0)), "-")
A23: Form_11 | B23: Sample Google Form 11 Description | C23: =IFERROR(MAX('Form_11'!A:A), "No Data") | D23: =IFERROR(COUNTIF('Form_11'!A:A, ">=" & (NOW() - 1)), 0) | E23: =IFERROR(INDEX('Form_11'!B:B, MATCH(MAX('Form_11'!A:A), 'Form_11'!A:A, 0)), "-")
A24: Form_12 | B24: Sample Google Form 12 Description | C24: =IFERROR(MAX('Form_12'!A:A), "No Data") | D24: =IFERROR(COUNTIF('Form_12'!A:A, ">=" & (NOW() - 1)), 0) | E24: =IFERROR(INDEX('Form_12'!B:B, MATCH(MAX('Form_12'!A:A), 'Form_12'!A:A, 0)), "-")
A25: Form_13 | B25: Sample Google Form 13 Description | C25: =IFERROR(MAX('Form_13'!A:A), "No Data") | D25: =IFERROR(COUNTIF('Form_13'!A:A, ">=" & (NOW() - 1)), 0) | E25: =IFERROR(INDEX('Form_13'!B:B, MATCH(MAX('Form_13'!A:A), 'Form_13'!A:A, 0)), "-")
A26: Form_14 | B26: Sample Google Form 14 Description | C26: =IFERROR(MAX('Form_14'!A:A), "No Data") | D26: =IFERROR(COUNTIF('Form_14'!A:A, ">=" & (NOW() - 1)), 0) | E26: =IFERROR(INDEX('Form_14'!B:B, MATCH(MAX('Form_14'!A:A), 'Form_14'!A:A, 0)), "-")
A27: Form_15 | B27: Sample Google Form 15 Description | C27: =IFERROR(MAX('Form_15'!A:A), "No Data") | D27: =IFERROR(COUNTIF('Form_15'!A:A, ">=" & (NOW() - 1)), 0) | E27: =IFERROR(INDEX('Form_15'!B:B, MATCH(MAX('Form_15'!A:A), 'Form_15'!A:A, 0)), "-")

Sheet Form_1
A1: Timestamp | B1: Username/Email
A2: 46248.167 | B2: userA_form1@example.com
A3: 46248.354 | B3: userB_form1@example.com

Sheet Form_2
A1: Timestamp | B1: Username/Email
A2: 46248.167 | B2: userA_form2@example.com
A3: 46248.354 | B3: userB_form2@example.com

Sheet Form_3
A1: Timestamp | B1: Username/Email
A2: 46248.167 | B2: userA_form3@example.com
A3: 46248.354 | B3: userB_form3@example.com
